driverId,link
alonso,https://www.driverdb.com/_next/image?url=https%3A%2F%2Fassets.driverdb.com%2Fdrivers%2Fprofile%2F10_360d54b27fc33a0b352f.jpg&w=256&q=75
michael_schumacher,https://images.motorsportstats.com/large/driverProfilePicture/driverProfilePicture-123454ba-2589-461e-8e95-4998f17c7baf.jpg
massa,https://www.driverdb.com/_next/image?url=https%3A%2F%2Fassets.driverdb.com%2Fdrivers%2Fprofile%2F14_1e9df86fd1fd733f218c.jpg&w=256&q=75
fisichella,https://www.driverdb.com/_next/image?url=https%3A%2F%2Fassets.driverdb.com%2Fdrivers%2Fprofile%2F13_fbda8a2efdd0b292f315.jpg&w=256&q=75
raikkonen,https://www.driverdb.com/_next/image?url=https%3A%2F%2Fassets.driverdb.com%2Fdrivers%2Fprofile%2F8_feaf0ac16477c2ba6b54.jpg&w=256&q=75
montoya,https://www.driverdb.com/_next/image?url=https%3A%2F%2Fassets.driverdb.com%2Fdrivers%2Fprofile%2F3_4920e25c1179e8cb4151.jpg&w=256&q=75
ralf_schumacher,https://static.wikia.nocookie.net/f1wikia/images/0/04/Ralf_Schumacher.jpg/revision/latest?cb=20230922145252
trulli,https://driverdb.com/_next/image?url=https%3A%2F%2Fassets.driverdb.com%2Fdrivers%2Fprofile%2F9_acafcecca3d0efca51f6.jpg&w=256&q=75
barrichello,https://driverdb.com/_next/image?url=https%3A%2F%2Fassets.driverdb.com%2Fdrivers%2Fprofile%2F2_b31457a1632f5c43b5a5.jpg&w=256&q=75
button,https://driverdb.com/_next/image?url=https%3A%2F%2Fassets.driverdb.com%2Fdrivers%2Fprofile%2F11_31267337b6394978bbac.jpg&w=256&q=75
webber,https://driverdb.com/_next/image?url=https%3A%2F%2Fassets.driverdb.com%2Fdrivers%2Fprofile%2F15_2bcc4b09c7f87a165bb5.jpg&w=256&q=75
heidfeld,https://driverdb.com/_next/image?url=https%3A%2F%2Fassets.driverdb.com%2Fdrivers%2Fprofile%2F19_6f0cfc23f911fb6c8381.jpg&w=256&q=75
coulthard,https://driverdb.com/_next/image?url=https%3A%2F%2Fassets.driverdb.com%2Fdrivers%2Fprofile%2F7_c6b51d89a1abf05be86c.jpg&w=256&q=75
klien,https://driverdb.com/_next/image?url=https%3A%2F%2Fassets.driverdb.com%2Fdrivers%2Fprofile%2F16_fe011f60ee99b5fa6283.jpg&w=256&q=75
villeneuve,https://driverdb.com/_next/image?url=https%3A%2F%2Fassets.driverdb.com%2Fdrivers%2Fprofile%2F383_7a035665bdbe594cdab0.jpg&w=256&q=75
monteiro,https://upload.wikimedia.org/wikipedia/commons/thumb/8/88/Tiago_monteiro_spafrancorchamps2014.JPG/800px-Tiago_monteiro_spafrancorchamps2014.JPG
wurz,https://images.motorsportstats.com/large/driverProfilePicture/driverProfilePicture-d1184785-8da1-4f1c-9285-b933005e275d.jpg
karthikeyan,https://images.motorsportstats.com/large/driverProfilePicture/driverProfilePicture-7301addf-eec7-4df9-bf33-78eedbd73472.jpg
rosa,https://images.motorsportstats.com/large/driverProfilePicture/driverProfilePicture-5edec345-2242-4e55-801e-769d5ef69f5d.jpg
albers,https://images.motorsportstats.com/large/driverProfilePicture/driverProfilePicture-273116f6-38e0-4ae1-aff7-9c89fe0b8279.jpg
friesacher,https://images.motorsportstats.com/large/driverProfilePicture/driverProfilePicture-fcc1d047-2d79-419f-9e09-d4f10ed01036.jpg
pizzonia,https://images.motorsportstats.com/large/driverProfilePicture/driverProfilePicture-b194ab21-8e36-4b39-b218-50798014a659.jpg
sato,https://driverdb.com/_next/image?url=https%3A%2F%2Fassets.driverdb.com%2Fdrivers%2Fprofile%2F12_baa0df5d5b1a4a1e854e.jpg&w=256&q=75
liuzzi,https://images.motorsportstats.com/large/driverProfilePicture/driverProfilePicture-6e9c9f91-2c12-4a5e-9b48-f0698061597a.jpg
doornbos,https://images.motorsportstats.com/large/driverProfilePicture/driverProfilePicture-d8d5ffdc-e03a-4cfb-94db-80a88d94a07f.jpg
davidson,https://images.motorsportstats.com/large/driverProfilePicture/driverProfilePicture-876d1934-11db-421d-be1a-39696eb5b8e6.jpg
zonta,https://images.motorsportstats.com/large/driverProfilePicture/driverProfilePicture-92840fae-c893-433a-8b35-a06d59863c6d.jpg
kubica,https://driverdb.com/_next/image?url=https%3A%2F%2Fassets.driverdb.com%2Fdrivers%2Fprofile%2F256_4730b9db7334dd072e5b.jpg&w=256&q=75
rosberg,https://images.motorsportstats.com/large/driverProfilePicture/driverProfilePicture-3a1e05b4-2d4b-4fee-a426-08d1af38a674.jpg
speed,https://images.motorsportstats.com/large/driverProfilePicture/driverProfilePicture-2d33cee8-b591-400e-8b18-7a2c59eabd48.jpg
montagny,https://images.motorsportstats.com/large/driverProfilePicture/driverProfilePicture-ef111e2f-7a81-422f-8c85-3b59de2faedd.jpg
ide,https://images.motorsportstats.com/large/driverProfilePicture/driverProfilePicture-506c1114-7055-44d1-83f3-86ae802e1e83.jpg
yamamoto,https://images.motorsportstats.com/large/driverProfilePicture/driverProfilePicture-348891ae-9c60-46b6-aa0d-3558ca4c0499.jpg